{"cameraMode":{"drawMode":0,"name":"Shaded","section":"Shading Mode"},"sceneLighting":true,"audioPlay":false,"sceneViewState":{"m_AlwaysRefresh":false,"showFog":true,"showSkybox":true,"showFlares":true,"showImageEffects":true,"showParticleSystems":true,"showVisualEffectGraphs":true,"m_FxEnabled":true},"in2DMode":false,"pivot":{"x":-1.2133558988571168,"y":-1.160415530204773,"z":-1.9847192764282227},"rotation":{"x":0.6325485706329346,"y":-0.00929358322173357,"z":0.007590950932353735,"w":0.7744280099868774},"size":12.12435531616211,"orthographic":true}